generated_at,records,views,unique_views,downloads,unique_downloads
2026-07-24T19:03:32+00:00,37,6684,5139,5197,4154
2026-07-25T00:39:09+00:00,37,6689,5144,5197,4154
2026-07-25T02:43:13+00:00,37,6690,5145,5201,4157
2026-07-25T03:22:10+00:00,37,6690,5145,5201,4157
2026-07-25T05:43:50+00:00,38,6753,5197,5240,4189
2026-07-26T15:54:32+00:00,38,6769,5211,5244,4193
2026-07-27T16:52:38+00:00,38,6774,5216,5244,4193
2026-07-28T16:28:19+00:00,38,6781,5223,5244,4193
2026-07-29T16:15:55+00:00,38,6787,5229,5244,4193
