record_id,conceptrecid,category,title,doi,publication_date,views,unique_views,downloads,unique_downloads,views_delta,unique_views_delta,downloads_delta,unique_downloads_delta,version,record_url
23272955,23272954,Cosmology / BFSSU & DMF,Redefining the Lifetime of Astrophysical Objects / 天体寿命の再定義,10.5281/zenodo.23272955,2026-10-10,0,0,0,0,0,0,0,0,v1.0,https://zenodo.org/api/records/23272955
23092225,23092224,Cosmology / BFSSU & DMF,Reinterpreting Planetary Internal Structure in the DMF Cosmology / DMF宇宙論に基づく惑星内部構造の再解釈,10.5281/zenodo.23092225,2026-10-02,7,3,2,2,0,0,0,0,1.0,https://zenodo.org/api/records/23092225
22976862,22976861,Cosmology / BFSSU & DMF,BFSSU/DMF Cosmic Mass Circulation Model / BFSSU/DMF宇宙の質量循環モデル,10.5281/zenodo.22976862,2026-09-26,9,5,3,3,0,0,0,0,1.0,https://zenodo.org/api/records/22976862
22779708,22779707,Cognitive Science / Structural Cognition,Cosmological Pseudo-Questions Generated by Life-Death Cognition / 人間の生死認知が生む宇宙論的誤問題,10.5281/zenodo.22779708,2026-09-16,9,5,4,4,0,0,0,0,1.0,https://zenodo.org/api/records/22779708
22699226,22699225,Thought Experiments / Structural Theory,What Is Personality? 2.0 / 人格とは何か 2.0,10.5281/zenodo.22699226,2026-09-11,11,7,5,5,0,0,0,0,1.0,https://zenodo.org/api/records/22699226
22670067,22670066,Social Design / Institutional Structures,The Structure of Foolish Acts / 愚行の正体,10.5281/zenodo.22670067,2026-09-09,8,4,4,4,0,0,0,0,1.0,https://zenodo.org/api/records/22670067
22651149,22651148,Co-Intelligence / Methodology,Co-Intelligence Version 0.0 / 協働知性 Version 0.0,10.5281/zenodo.22651149,2026-09-08,13,9,5,5,0,0,0,0,1.0,https://zenodo.org/api/records/22651149
22288840,22288839,Co-Intelligence / Methodology,Co-Intelligence Version 3.0 / 協働知性 Version 3.0,10.5281/zenodo.22288840,2026-09-04,10,6,6,5,0,0,0,0,1.0,https://zenodo.org/api/records/22288840
22135767,22135766,Cosmology / BFSSU & DMF,Introduction of the Energy Discrepancy Index χ in a Hierarchical Universe and Multi-Scale Verification / 階層宇宙におけるエネルギー不整合指標 χ の導入と多スケール検証,10.5281/zenodo.22135767,2026-08-28,16,13,6,6,0,0,0,0,v1.0,https://zenodo.org/api/records/22135767
22036921,22036920,Cosmology / BFSSU & DMF,The Determination Principle of the Maximum Cosmic Scale in Hierarchical Universes / 階層宇宙における最大スケールの決定原理,10.5281/zenodo.22036921,2026-08-21,14,10,2,2,0,0,0,0,v1.0,https://zenodo.org/api/records/22036921
21897171,21897170,Cosmology / BFSSU & DMF,Reformulating the Solar Coronal Heating Problem / 太陽コロナ加熱問題の再定式化,10.5281/zenodo.21897171,2026-08-12,39,21,7,6,0,0,0,0,v1.0,https://zenodo.org/api/records/21897171
21522012,21522011,Thought Experiments / Structural Theory,Structural Isomorphism Between Living Systems and the Universe / 生命体と宇宙の構造的同型性,10.5281/zenodo.21522012,2026-07-24,20,16,8,8,0,0,0,0,1.0,https://zenodo.org/api/records/21522012
21347370,21347369,Cosmology / BFSSU & DMF,Redefining Nebula Formation within the DMF Ontology / DMF存在論による星雲生成の再定義,10.5281/zenodo.21347370,2026-07-14,19,14,9,9,0,0,0,0,v1.0,https://zenodo.org/api/records/21347370
21214497,21214496,Cosmology / BFSSU & DMF,A Structural Reconfiguration of Modern Physics Based on DMF Ontology / DMF存在論による現代物理学の構造的再配置,10.5281/zenodo.21214497,2026-07-06,27,22,10,9,0,0,0,0,v1.0,https://zenodo.org/api/records/21214497
21059910,21059909,Cosmology / BFSSU & DMF,Elemental Physics in DMF Ontology / DMF存在論における元素物理,10.5281/zenodo.21059910,2026-06-30,28,21,8,8,0,0,0,0,v1.0,https://zenodo.org/api/records/21059910
20838574,20838573,Cosmology / BFSSU & DMF,Reinterpreting the Big Bang in BFSSU Cosmology / BFSSU宇宙論におけるビッグバンの再解釈,10.5281/zenodo.20838574,2026-06-25,62,50,9,9,0,0,0,0,v1.0,https://zenodo.org/api/records/20838574
20789930,20789929,Cognitive Science / Structural Cognition,How Competition and Concentration Generate Stability / 競争と集中はどのように安定を生むのか,10.5281/zenodo.20789930,2026-06-22,37,26,14,14,0,0,0,0,v1.0,https://zenodo.org/api/records/20789930
20714010,20714009,Cosmology / BFSSU & DMF,A Thought Experiment on the Generation Process of DMF / DMFの生成プロセス思考実験,10.5281/zenodo.20714010,2026-06-16,38,28,15,13,0,0,0,0,v1.0,https://zenodo.org/api/records/20714010
20551471,20551470,Thought Experiments / Structural Theory,Unified Interpretation of Low-Energy Anomalous Heat Phenomena via the DMF Local Phase Transition Model / DMF局所相転移モデルによる低エネルギー異常熱の統一解釈,10.5281/zenodo.20551471,2026-06-05,95,82,44,39,0,0,0,0,v1.0,https://zenodo.org/api/records/20551471
20151731,20151730,Thought Experiments / Structural Theory,What Is Personality? / 人格とは何か,10.5281/zenodo.20151731,2026-05-13,81,68,60,48,0,0,0,0,v1.0,https://zenodo.org/api/records/20151731
20110638,20110637,Co-Intelligence / Methodology,Matsuoka x GPT Thought Experiment Lab 2.0 / 松岡×GPT 思考実験ラボ  2.0,10.5281/zenodo.20110638,2026-05-10,51,37,27,24,0,0,0,0,v1.0,https://zenodo.org/api/records/20110638
20040209,20040208,Social Design / Institutional Structures,Redesigning Evaluation Structures by Separating Judgment and Outcome / 判断と結果を分離する評価構造の再設計,10.5281/zenodo.20040209,2026-05-05,101,92,75,71,0,0,0,0,v1.0,https://zenodo.org/api/records/20040209
19722130,19722129,Cosmology / BFSSU & DMF,Redefinition of the Photon and a Unified Understanding of Electromagnetic Waves / フォトンの再定義と電磁波の統一的理解,10.5281/zenodo.19722130,2026-04-24,125,107,92,80,0,0,0,0,v1.0,https://zenodo.org/api/records/19722130
19583310,19583309,Cognitive Science / Structural Cognition,Cognitive Structure and the Emergence of Collaborative Intelligence in Democratic Societies / 民主主義社会における認知構造と協働知性の出現,10.5281/zenodo.19583310,2026-04-15,160,123,136,111,0,0,0,0,v1.0,https://zenodo.org/api/records/19583310
19363781,19363780,Social Design / Institutional Structures,Selective Tax System / 選択税制,10.5281/zenodo.19363781,2026-04-01,293,255,223,195,0,0,0,0,v1.0,https://zenodo.org/api/records/19363781
19229126,19229125,Cosmology / BFSSU & DMF,Ontological Redefinition of Photons and Gravity on a DMF Basis / DMF 基底におけるフォトンおよび重力の存在論的再定義,10.5281/zenodo.19229126,2026-03-26,79,65,70,65,0,0,0,0,v1.0,https://zenodo.org/api/records/19229126
19187201,19187200,Cosmology / BFSSU & DMF,An Extended Ontology of Photons on a DMF Basis / DMF  基底におけるフォトン存在論の拡張,10.5281/zenodo.19187201,2026-03-23,81,62,58,51,0,0,0,0,v1.0,https://zenodo.org/api/records/19187201
19066989,19066988,Cosmology / BFSSU & DMF,Hierarchical reinterpretation of solar system objects based on DMF cosmology / DMF 宇宙論に基づく太陽系天体の階層的再解釈,10.5281/zenodo.19066989,2026-03-17,61,49,59,56,0,0,0,0,v1.0,https://zenodo.org/api/records/19066989
19059117,19059116,Cosmology / BFSSU & DMF,Non-Stationary Structures Revealed by Gravitational Fluctuations / 重力ゆらぎが示す非定常構造,10.5281/zenodo.19059117,2026-03-17,75,57,53,46,0,0,0,0,v1.0,https://zenodo.org/api/records/19059117
19053422,19053421,Co-Intelligence / Methodology,Co-Intelligence Version 2.0 / 協働知性  Version 2.0,10.5281/zenodo.19053422,2026-03-16,117,99,90,82,0,0,0,0,v1.0,https://zenodo.org/api/records/19053422
18850250,18850249,Social Design / Institutional Structures,A Security-Centered National Model 2.0 / 安心醸成国家モデル 2.0,10.5281/zenodo.18850250,2026-03-03,446,396,308,286,0,0,0,0,v1.0,https://zenodo.org/api/records/18850250
18739136,18739135,Archive / Legacy,Matsuoka×GPT Thought Experiment Lab – Initial Release (v1.0),10.5281/zenodo.18739136,2026-02-23,79,61,4,4,0,0,0,0,v1.0,https://zenodo.org/api/records/18739136
18665550,18665549,Social Design / Institutional Structures,Directions for Tax System Redesign in Shrinking Societies / 人口減少社会における税制再設計の方向性,10.5281/zenodo.18665550,2026-02-17,122,98,84,69,0,0,0,0,v1.0,https://zenodo.org/api/records/18665550
18618545,18618544,Cosmology / BFSSU & DMF,Ontological Reframing of the Photon / フォトンの存在論的再構成,10.5281/zenodo.18618545,2026-02-12,102,78,67,54,0,0,0,0,v1.0,https://zenodo.org/api/records/18618545
18512529,18512528,Cognitive Science / Structural Cognition,The Asymmetry of Cognitive Hierarchies and the Self-Amplifying Structure of Conflict / 思考階層の非対称性と対立の自己増殖構造,10.5281/zenodo.18512529,2026-02-07,125,93,96,74,0,0,0,0,v1.0,https://zenodo.org/api/records/18512529
18483656,18483655,Cognitive Science / Structural Cognition,Constraint Dominance and the Contraction of Structural Space with Increasing Scale / スケール拡大に伴う制約支配と構造空間の縮退,10.5281/zenodo.18483656,2026-02-04,164,131,135,116,0,0,0,0,v1.0,https://zenodo.org/api/records/18483656
18377656,18377655,Cognitive Science / Structural Cognition,Where Does Extreme Value Come From? / 極端な価値はどこから生まれるのか?,10.5281/zenodo.18377656,2026-01-26,224,187,167,143,0,0,0,0,v1.0,https://zenodo.org/api/records/18377656
18327352,18327351,Thought Experiments / Structural Theory,Biodiversity brought about by the high-energy environment of the early Earth / 初期地球の高エネルギー環境がもたらした生物多様性,10.5281/zenodo.18327352,2026-01-21,174,147,132,109,0,0,0,0,v1.0,https://zenodo.org/api/records/18327352
18271759,18271758,Thought Experiments / Structural Theory,Why does civilization build huge structures? / 文明はなぜ巨大建造物を造るのか?,10.5281/zenodo.18271759,2026-01-16,176,126,196,155,0,0,0,0,v1.0,https://zenodo.org/api/records/18271759
18230187,18230186,Cosmology / BFSSU & DMF,Stellar Formation Theory in the DMF Universe / DMF宇宙における恒星生成理論,10.5281/zenodo.18230187,2026-01-13,141,103,105,84,0,0,0,0,v1.0,https://zenodo.org/api/records/18230187
18204127,18204126,Cosmology / BFSSU & DMF,Dual Mass Flow and the Redefi nition of Gravity in a Hierarchical Universe / 階層宇宙におけるDual Mass Flowと重力の再定義,10.5281/zenodo.18204127,2026-01-10,133,96,102,80,0,0,0,0,v1.0,https://zenodo.org/api/records/18204127
18194511,18194510,Cosmology / BFSSU & DMF,DMF as an unobservable ground flow and a unified interpretation / 観測不能な基底流としてのDMFと宇宙構造形成の統一的解釈,10.5281/zenodo.18194511,2026-01-09,146,111,120,98,0,0,0,0,v1.0,https://zenodo.org/api/records/18194511
18186447,18186446,Thought Experiments / Structural Theory,New aviation safety model / 新航空安全モデル,10.5281/zenodo.18186447,2026-01-08,223,181,294,259,0,0,0,0,v1.0,https://zenodo.org/api/records/18186447
18160426,18160425,Co-Intelligence / Methodology,Matsuoka x GPT Thought Experiment Lab / 松岡×GPT思考実験ラボ,10.5281/zenodo.18160426,2026-01-06,241,147,168,138,0,0,0,0,v1.0,https://zenodo.org/api/records/18160426
18160163,18160162,Social Design / Institutional Structures,A national model for fostering peace of mind through a selective tax system / 選択税制による安心醸成国家モデル,10.5281/zenodo.18160163,2026-01-06,235,184,204,171,0,0,0,0,v1.0,https://zenodo.org/api/records/18160163
18159902,18159901,Co-Intelligence / Methodology,Co-Intelligence / 協働知性,10.5281/zenodo.18159902,2026-01-06,197,151,188,154,0,0,0,0,v1.0,https://zenodo.org/api/records/18159902
18150465,18150464,Cosmology / BFSSU & DMF,Black Hole Fractal Steady - State Universe Unified Field Theory / ブラックホール・フラクタル定常宇宙論 統一場理論,10.5281/zenodo.18150465,2026-01-05,311,255,274,230,0,0,0,0,v1.0,https://zenodo.org/api/records/18150465
17948058,17948057,Cosmology / BFSSU & DMF,Black Hole Fractal Steady - State Universe detailed version / ブラックホール・フラクタル定常宇宙論 詳細版,10.5281/zenodo.17948058,2025-12-16,711,587,635,522,0,0,0,0,v1.0,https://zenodo.org/api/records/17948058
17720251,17720250,Cosmology / BFSSU & DMF,Black Hole Fractal Steady-State Universe(BFSSU)  / ブラックホール・フラクタル定常宇宙論(BFSSU),10.5281/zenodo.17720251,2025-11-26,1855,1307,1530,1105,0,0,0,0,1.0,https://zenodo.org/api/records/17720251
